{
  "experiment_tag": "VI",
  "dataset_csv": "baf-datasets/VI.csv",
  "target": "fraud_bool",
  "cat_cols": [
    "payment_type",
    "employment_status",
    "housing_status",
    "source",
    "device_os",
    "date_of_birth_distinct_emails_4w",
    "email_is_free",
    "bank_months_count",
    "has_other_cards",
    "foreign_request",
    "keep_alive_session",
    "device_distinct_emails_8w",
    "device_fraud_count"
  ],
  "cont_cols": [
    "income",
    "name_email_similarity",
    "prev_address_months_count",
    "current_address_months_count",
    "days_since_request",
    "intended_balcon_amount",
    "zip_count_4w",
    "velocity_6h",
    "velocity_24h",
    "velocity_4w",
    "bank_branch_count_8w",
    "credit_risk_score",
    "proposed_credit_limit",
    "session_length_in_minutes"
  ],
  "fpr_cap": 0.05,
  "threshold": 0.03512940928339958,
  "selected_stage": "stage_c_joint",
  "stage_a_best_params": {
    "d_token": 32,
    "n_blocks": 5,
    "n_heads": 8,
    "ffn_hidden": 192,
    "dropout": 0.03611590802176332,
    "lr": 0.002053164517837489,
    "batch": 8192
  },
  "stage_b_best_params": {
    "snn_T": 6,
    "snn_tau": 2.1807369262636978,
    "snn_v_threshold": 0.4193585279711597,
    "snn_v_reset": 0.0,
    "snn_head_dropout": 0.3290530451866945,
    "snn_alpha_init": 5.1576778536809105,
    "lr": 0.0006625649789666783,
    "batch": 1024
  },
  "stage_c_best_params": {
    "d_token": 16,
    "n_blocks": 6,
    "n_heads": 8,
    "ffn_hidden": 128,
    "dropout": 0.01529735269784398,
    "snn_T": 8,
    "snn_tau": 2.147128898805864,
    "snn_v_threshold": 0.4547075179185457,
    "snn_v_reset": 0.0,
    "snn_head_dropout": 0.38795176690438826,
    "snn_alpha_init": 5.606053138534175,
    "lr": 0.0005483880892526815,
    "batch": 1024
  },
  "retrain_best_epoch": 11,
  "final_metrics_summary": {
    "valid_auc": 0.8726226389599714,
    "valid_prauc": 0.12712279558921163,
    "valid_recall_at_fpr_cap": 0.49447852760736194,
    "valid_fpr_at_selected_threshold": 0.049889431142290684,
    "test_auc": 0.8787804560714266,
    "test_prauc": 0.17678154268066099,
    "test_recall_at_selected_threshold": 0.528839471855455,
    "test_fpr_at_selected_threshold": 0.05928799002631943,
    "threshold_star": 0.03512940928339958,
    "valid_aequitas_fpr_parity_overall": 0.03776722437048834,
    "test_aequitas_fpr_parity_overall": 0.054401568671712836
  },
  "d_token": 16,
  "n_blocks": 6,
  "n_heads": 8,
  "ffn_hidden": 128,
  "dropout": 0.01529735269784398,
  "snn_T": 8,
  "snn_tau": 2.147128898805864,
  "snn_v_threshold": 0.4547075179185457,
  "snn_v_reset": 0.0,
  "snn_head_dropout": 0.38795176690438826,
  "snn_alpha_init": 5.606053138534175,
  "lr": 0.0005483880892526815,
  "batch": 1024
}